EmployeeID,ReviewDate,Rating,Potential,GoalsMet
1001,01-03-2021,2,Medium,Partial
1001,01-09-2021,3,Medium,No
1001,01-03-2022,1,High,Yes
1001,01-09-2022,3,Medium,Yes
1001,01-03-2023,2,Medium,Yes
1001,01-09-2023,4,High,Yes
1001,01-03-2024,4,High,No
1001,01-09-2024,3,Medium,Yes
1001,01-03-2025,4,Low,Partial
1001,01-09-2025,2,Medium,Yes
1002,01-09-2024,1,Medium,Partial
1002,01-03-2025,3,Medium,Partial
1002,01-09-2025,3,Medium,Partial
1003,01-09-2025,3,Medium,No
1004,01-09-2023,1,Medium,Partial
1004,01-03-2024,3,High,No
1004,01-09-2024,2,Medium,Yes
1004,01-03-2025,3,Medium,Yes
1004,01-09-2025,3,Medium,Yes
1005,01-03-2020,2,Medium,Yes
1005,01-09-2020,3,Medium,Yes
1005,01-03-2021,2,Medium,Partial
1005,01-09-2021,5,Medium,Yes
1005,01-03-2022,3,Low,Yes
1005,01-09-2022,2,High,Yes
1005,01-03-2023,3,Low,Yes
1005,01-09-2023,2,High,Yes
1005,01-03-2024,4,Medium,Yes
1005,01-09-2024,1,Medium,Yes
1005,01-03-2025,3,Low,Yes
1005,01-09-2025,3,Medium,Yes
1006,01-03-2023,1,Low,No
1006,01-09-2023,3,High,Yes
1006,01-03-2024,1,Medium,Yes
1007,01-03-2025,3,Medium,Yes
1007,01-09-2025,4,Low,Yes
1008,01-03-2020,3,Medium,Partial
1008,01-09-2020,4,Low,Yes
1008,01-03-2021,3,Medium,Yes
1008,01-09-2021,3,High,Yes
1008,01-03-2022,4,High,Yes
1008,01-09-2022,4,Medium,Yes
1008,01-03-2023,1,Low,Partial
1008,01-09-2023,4,High,Yes
1008,01-03-2024,2,Low,No
1008,01-09-2024,4,Medium,Yes
1008,01-03-2025,3,High,Partial
1008,01-09-2025,5,Low,No
1009,01-09-2022,3,Medium,Yes
1009,01-03-2023,1,Medium,Yes
1009,01-09-2023,3,Medium,Yes
1009,01-03-2024,1,Low,Partial
1009,01-09-2024,2,Medium,Yes
1009,01-03-2025,3,Low,Yes
1009,01-09-2025,2,Medium,Partial
1010,01-09-2023,4,High,Yes
1010,01-03-2024,3,Low,Yes
1010,01-09-2024,3,Low,No
1010,01-03-2025,4,Medium,Yes
1010,01-09-2025,3,Medium,No
1011,01-09-2022,3,Low,Partial
1011,01-03-2023,4,High,Partial
1011,01-09-2023,2,Medium,Yes
1011,01-03-2024,1,Medium,Partial
1011,01-09-2024,3,High,Partial
1011,01-03-2025,4,Medium,Yes
1011,01-09-2025,4,Medium,Yes
1012,01-09-2023,2,Medium,Yes
1012,01-03-2024,2,Medium,Yes
1012,01-09-2024,4,Low,Partial
1012,01-03-2025,2,Medium,No
1012,01-09-2025,3,Medium,Yes
1013,01-03-2020,4,Medium,Yes
1013,01-09-2020,3,Low,Yes
1013,01-03-2021,3,Low,Yes
1013,01-09-2021,3,Medium,Yes
1013,01-03-2022,3,Medium,No
1013,01-09-2022,1,Low,No
1013,01-03-2023,3,Medium,Yes
1013,01-09-2023,2,Medium,Yes
1013,01-03-2024,4,Medium,Partial
1013,01-09-2024,5,Medium,Yes
1013,01-03-2025,3,Medium,Yes
1013,01-09-2025,4,Medium,Partial
1014,01-03-2024,3,Medium,Partial
1014,01-09-2024,3,Medium,Yes
1014,01-03-2025,4,Medium,Partial
1014,01-09-2025,3,High,Yes
1015,01-09-2024,2,Medium,Partial
1015,01-03-2025,4,Low,Partial
1015,01-09-2025,3,Medium,Yes
1016,01-09-2022,3,Medium,Yes
1016,01-03-2023,2,Medium,Yes
1016,01-09-2023,3,High,Partial
1016,01-03-2024,4,Medium,Partial
1016,01-09-2024,3,Medium,Yes
1016,01-03-2025,2,High,Partial
1016,01-09-2025,3,Medium,Partial
1017,01-03-2020,3,Medium,Yes
1017,01-09-2020,3,Medium,Yes
1017,01-03-2021,3,Medium,Partial
1017,01-09-2021,3,Medium,Partial
1017,01-03-2022,2,Medium,No
1017,01-09-2022,4,Low,Yes
1017,01-03-2023,2,High,No
1017,01-09-2023,3,High,Yes
1017,01-03-2024,1,Medium,No
1017,01-09-2024,3,High,Yes
1017,01-03-2025,3,High,Yes
1017,01-09-2025,3,Medium,Yes
1018,01-09-2023,3,Medium,Yes
1018,01-03-2024,4,Low,No
1018,01-09-2024,3,High,Yes
1018,01-03-2025,3,High,Yes
1018,01-09-2025,2,Medium,Yes
1019,01-03-2020,4,Medium,Yes
1019,01-09-2020,4,Low,Yes
1019,01-03-2021,3,Low,Yes
1019,01-09-2021,3,High,Yes
1019,01-03-2022,4,Low,Yes
1019,01-09-2022,3,High,Yes
1019,01-03-2023,5,High,Partial
1019,01-09-2023,1,Medium,Partial
1019,01-03-2024,4,Medium,Partial
1019,01-09-2024,3,High,Yes
1019,01-03-2025,3,Medium,Partial
1019,01-09-2025,3,Medium,No
1020,01-03-2025,3,Medium,No
1020,01-09-2025,3,Medium,Partial
1021,01-03-2020,3,Medium,Partial
1021,01-09-2020,3,Low,Partial
1021,01-03-2021,3,Medium,Yes
1021,01-09-2021,3,Low,Partial
1021,01-03-2022,3,High,Partial
1021,01-09-2022,3,Medium,Partial
1021,01-03-2023,4,Low,No
1021,01-09-2023,2,Medium,Yes
1021,01-03-2024,3,Medium,Yes
1021,01-09-2024,3,High,Partial
1021,01-03-2025,4,Medium,No
1021,01-09-2025,2,Low,Yes
1022,01-03-2021,3,Low,Yes
1022,01-09-2021,2,Medium,No
1022,01-03-2022,4,Low,Yes
1022,01-09-2022,3,Low,Partial
1022,01-03-2023,4,Low,Yes
1022,01-09-2023,3,High,Yes
1022,01-03-2024,3,Low,Partial
1022,01-09-2024,1,Medium,Partial
1022,01-03-2025,3,Low,No
1022,01-09-2025,3,Medium,Partial
1023,01-03-2020,3,Medium,Yes
1023,01-09-2020,2,Medium,Yes
1023,01-03-2021,4,Medium,Partial
1023,01-09-2021,4,High,Partial
1023,01-03-2022,3,Low,Yes
1023,01-09-2022,3,Medium,Yes
1023,01-03-2023,4,Medium,Yes
1023,01-09-2023,5,Medium,Partial
1023,01-03-2024,3,Medium,Partial
1023,01-09-2024,4,High,Yes
1023,01-03-2025,4,Low,Yes
1025,01-03-2020,5,Low,Yes
1025,01-09-2020,3,High,Yes
1025,01-03-2021,4,Medium,Partial
1025,01-09-2021,5,Low,No
1025,01-03-2022,2,Medium,Yes
1025,01-09-2022,3,Medium,Partial
1025,01-03-2023,3,High,Yes
1025,01-09-2023,2,Medium,Yes
1025,01-03-2024,3,Low,Yes
1025,01-09-2024,4,Medium,Yes
1025,01-03-2025,2,Medium,Yes
1025,01-09-2025,3,High,Partial
1026,01-03-2022,4,High,Yes
1026,01-09-2022,3,Medium,Yes
1026,01-03-2023,3,High,Partial
1026,01-09-2023,3,Medium,Partial
1027,01-09-2023,4,Medium,Yes
1027,01-03-2024,3,Medium,Partial
1027,01-09-2024,4,Medium,Yes
1027,01-03-2025,3,Medium,Yes
1027,01-09-2025,4,Medium,Yes
1028,01-09-2025,4,Low,Yes
1029,01-09-2020,3,Low,Yes
1029,01-03-2021,3,Medium,Partial
1029,01-09-2021,2,High,Yes
1029,01-03-2022,4,Medium,No
1029,01-09-2022,1,Medium,Yes
1029,01-03-2023,4,Low,Partial
1029,01-09-2023,4,High,Yes
1029,01-03-2024,3,Medium,Partial
1029,01-09-2024,4,High,Partial
1029,01-03-2025,3,Low,Partial
1029,01-09-2025,3,Low,Partial
1030,01-09-2023,4,Medium,Yes
1030,01-03-2024,3,Medium,Yes
1030,01-09-2024,4,Low,Partial
1030,01-03-2025,1,Medium,Yes
1030,01-09-2025,2,High,Partial
1031,01-09-2023,2,High,Yes
1031,01-03-2024,1,Medium,Yes
1031,01-09-2024,3,Low,No
1031,01-03-2025,4,High,Yes
1031,01-09-2025,3,Medium,Partial
1032,01-09-2024,4,Medium,Yes
1032,01-03-2025,5,Low,Yes
1032,01-09-2025,4,Low,Yes
1033,01-09-2021,1,Low,Partial
1033,01-03-2022,3,Low,Yes
1033,01-09-2022,4,Medium,Yes
1033,01-03-2023,1,Medium,Yes
1033,01-09-2023,3,Medium,Yes
1033,01-03-2024,5,Medium,Partial
1033,01-09-2024,3,Medium,Partial
1033,01-03-2025,3,Medium,Yes
1033,01-09-2025,3,Low,Yes
1034,01-03-2024,2,Low,Partial
1034,01-09-2024,3,Medium,Yes
1034,01-03-2025,3,Medium,Yes
1034,01-09-2025,2,Low,Yes
1035,01-03-2022,3,Medium,No
1035,01-09-2022,3,Low,Yes
1035,01-03-2023,2,Low,Partial
1035,01-09-2023,4,Low,Yes
1035,01-03-2024,3,High,Partial
1035,01-09-2024,3,Medium,Yes
1035,01-03-2025,3,Medium,Yes
1035,01-09-2025,1,Low,Yes
1036,01-09-2023,3,High,Yes
1036,01-03-2024,2,Medium,Partial
1036,01-09-2024,4,Medium,Partial
1036,01-03-2025,4,High,Partial
1036,01-09-2025,1,Medium,No
1037,01-09-2022,4,Low,Partial
1037,01-03-2023,3,Low,Yes
1037,01-09-2023,5,Medium,No
1037,01-03-2024,4,High,Partial
1037,01-09-2024,3,Medium,Yes
1037,01-03-2025,3,High,Partial
1037,01-09-2025,2,Low,Partial
1038,01-09-2022,2,High,Yes
1038,01-03-2023,4,High,Partial
1038,01-09-2023,2,Low,Partial
1038,01-03-2024,2,High,Yes
1038,01-09-2024,3,Medium,No
1038,01-03-2025,4,Medium,Partial
1038,01-09-2025,4,Medium,No
1039,01-03-2025,4,High,Yes
1040,01-09-2022,5,Medium,No
1040,01-03-2023,2,Medium,No
1040,01-09-2023,2,High,Yes
1040,01-03-2024,5,Medium,Partial
1040,01-09-2024,1,Medium,Partial
1040,01-03-2025,2,Medium,Partial
1040,01-09-2025,5,Medium,Partial
1041,01-03-2020,2,Low,Partial
1041,01-09-2020,5,Medium,Yes
1041,01-03-2021,3,Medium,Partial
1041,01-09-2021,4,Low,Partial
1041,01-03-2022,2,High,Yes
1041,01-09-2022,4,Medium,Yes
1041,01-03-2023,3,Low,Yes
1041,01-09-2023,1,Medium,Yes
1041,01-03-2024,4,High,Partial
1041,01-09-2024,2,Medium,Yes
1041,01-03-2025,4,Low,Partial
1041,01-09-2025,3,Medium,Yes
1042,01-03-2020,4,Medium,Yes
1042,01-09-2020,3,High,Yes
1042,01-03-2021,3,Medium,Partial
1042,01-09-2021,3,Medium,Partial
1042,01-03-2022,3,Medium,Yes
1042,01-09-2022,3,Medium,Yes
1042,01-03-2023,4,High,Yes
1042,01-09-2023,3,Medium,Yes
1042,01-03-2024,3,Medium,Yes
1042,01-09-2024,2,Low,Yes
1042,01-03-2025,4,Medium,Partial
1042,01-09-2025,3,Medium,Yes
1043,01-09-2022,5,Medium,No
1043,01-03-2023,4,Medium,Yes
1043,01-09-2023,3,Medium,No
1043,01-03-2024,4,Medium,Yes
1043,01-09-2024,3,Medium,Partial
1043,01-03-2025,4,Medium,Yes
1043,01-09-2025,3,Medium,Yes
1044,01-09-2024,1,Low,Partial
1044,01-03-2025,3,Medium,Yes
1044,01-09-2025,3,High,Yes
1045,01-03-2025,3,High,Yes
1045,01-09-2025,1,Medium,Partial
1046,01-03-2024,1,Low,Yes
1046,01-09-2024,2,Medium,Yes
1046,01-03-2025,2,Medium,Partial
1046,01-09-2025,4,High,Yes
1047,01-09-2020,5,Medium,Yes
1047,01-03-2021,2,High,Yes
1047,01-09-2021,3,Low,Yes
1047,01-03-2022,4,Medium,Yes
1047,01-09-2022,3,Low,No
1047,01-03-2023,2,Medium,Partial
1047,01-09-2023,3,Low,Partial
1047,01-03-2024,5,Medium,Yes
1047,01-09-2024,2,Medium,Yes
1047,01-03-2025,2,Medium,Yes
1047,01-09-2025,3,Medium,Partial
1048,01-03-2024,3,Medium,Yes
1048,01-09-2024,4,Medium,Partial
1048,01-03-2025,3,High,Yes
1048,01-09-2025,4,Low,Partial
1049,01-03-2020,5,Low,Yes
1049,01-09-2020,2,Medium,Yes
1049,01-03-2021,2,Low,Yes
1049,01-09-2021,3,Medium,Partial
1049,01-03-2022,3,Low,No
1049,01-09-2022,4,Medium,No
1049,01-03-2023,5,Low,Yes
1049,01-09-2023,2,Medium,Partial
1049,01-03-2024,4,Medium,Yes
1049,01-09-2024,3,Low,Partial
1049,01-03-2025,3,High,Yes
1049,01-09-2025,3,Medium,Yes
1050,01-03-2023,4,Medium,Partial
1050,01-09-2023,5,High,No
1050,01-03-2024,4,Medium,Yes
1050,01-09-2024,1,Medium,Yes
1050,01-03-2025,4,Medium,Yes
1050,01-09-2025,3,Low,Yes
1051,01-03-2020,3,Medium,Yes
1051,01-09-2020,2,Medium,Partial
1051,01-03-2021,3,Low,Partial
1051,01-09-2021,2,Medium,Yes
1051,01-03-2022,3,Medium,Yes
1052,01-09-2020,3,Medium,Yes
1052,01-03-2021,3,High,Yes
1052,01-09-2021,2,Medium,Yes
1052,01-03-2022,5,Medium,Yes
1052,01-09-2022,2,Medium,Partial
1053,01-09-2022,2,Medium,Yes
1054,01-09-2023,3,Low,Partial
1054,01-03-2024,4,High,Yes
1054,01-09-2024,3,Low,Yes
1054,01-03-2025,4,Medium,Yes
1054,01-09-2025,3,Medium,Partial
1055,01-09-2025,2,High,Yes
1056,01-03-2021,4,Medium,Yes
1056,01-09-2021,2,Medium,No
1056,01-03-2022,4,High,Yes
1056,01-09-2022,4,Medium,Yes
1056,01-03-2023,2,Medium,Yes
1056,01-09-2023,4,Medium,Yes
1056,01-03-2024,3,Low,Yes
1056,01-09-2024,3,Medium,Yes
1056,01-03-2025,4,Medium,Partial
1056,01-09-2025,2,Low,Yes
1057,01-09-2020,4,Medium,Yes
1057,01-03-2021,5,Medium,Yes
1057,01-09-2021,5,Low,Partial
1057,01-03-2022,4,High,Partial
1057,01-09-2022,3,Medium,Yes
1057,01-03-2023,2,Medium,Yes
1057,01-09-2023,3,Medium,Partial
1057,01-03-2024,4,Low,Partial
1057,01-09-2024,4,Medium,Yes
1057,01-03-2025,2,High,Yes
1057,01-09-2025,4,Medium,Yes
1058,01-03-2020,2,Low,Yes
1058,01-09-2020,4,Medium,Partial
1058,01-03-2021,3,High,No
1058,01-09-2021,2,High,Partial
1058,01-03-2022,3,High,No
1058,01-09-2022,3,Medium,Partial
1058,01-03-2023,3,Low,Yes
1058,01-09-2023,3,Low,Yes
1058,01-03-2024,2,Medium,Yes
1058,01-09-2024,5,Medium,No
1058,01-03-2025,3,Low,Partial
1058,01-09-2025,1,Medium,Yes
1059,01-09-2022,3,Medium,Yes
1059,01-03-2023,2,High,Yes
1059,01-09-2023,3,Medium,Yes
1059,01-03-2024,4,Medium,Yes
1059,01-09-2024,3,Low,Yes
1059,01-03-2025,3,Medium,Partial
1059,01-09-2025,3,Medium,Yes
1060,01-09-2024,4,Medium,Partial
1060,01-03-2025,4,Medium,Partial
1060,01-09-2025,2,Low,Yes
1061,01-03-2022,2,Medium,Partial
1061,01-09-2022,2,Medium,Yes
1061,01-03-2023,3,Medium,Partial
1061,01-09-2023,1,Medium,Partial
1061,01-03-2024,2,High,Yes
1061,01-09-2024,3,Medium,Yes
1061,01-03-2025,4,Medium,Yes
1061,01-09-2025,2,Medium,No
1062,01-03-2023,3,Medium,No
1062,01-09-2023,4,Low,Yes
1062,01-03-2024,5,High,Partial
1062,01-09-2024,5,Medium,Partial
1062,01-03-2025,3,Medium,Yes
1062,01-09-2025,1,Medium,Yes
1063,01-03-2022,3,Medium,No
1063,01-09-2022,1,Medium,Partial
1063,01-03-2023,3,Medium,Partial
1063,01-09-2023,4,Low,No
1063,01-03-2024,4,High,Yes
1063,01-09-2024,5,Low,Partial
1063,01-03-2025,4,Low,Partial
1063,01-09-2025,4,Medium,Partial
1064,01-03-2020,2,Medium,Yes
1064,01-09-2020,3,Medium,Yes
1064,01-03-2021,3,Medium,Partial
1064,01-09-2021,2,Medium,Yes
1064,01-03-2022,3,Medium,Partial
1064,01-09-2022,3,High,Partial
1064,01-03-2023,2,Medium,Partial
1064,01-09-2023,3,Medium,No
1064,01-03-2024,2,Medium,Yes
1064,01-09-2024,2,Medium,Yes
1064,01-03-2025,3,High,Yes
1064,01-09-2025,3,High,Yes
1065,01-09-2023,3,Medium,Yes
1065,01-03-2024,3,Low,Partial
1065,01-09-2024,3,High,Partial
1065,01-03-2025,5,Low,Partial
1065,01-09-2025,5,Medium,Yes
1066,01-03-2023,2,Medium,Partial
1066,01-09-2023,3,High,Partial
1066,01-03-2024,3,Medium,Yes
1066,01-09-2024,3,Medium,No
1067,01-09-2021,3,Medium,Partial
1067,01-03-2022,2,Low,Partial
1068,01-09-2024,4,High,Partial
1068,01-03-2025,3,Medium,Partial
1068,01-09-2025,2,Medium,Yes
1069,01-03-2022,2,Medium,Partial
1069,01-09-2022,4,Medium,Yes
1069,01-03-2023,3,Medium,Partial
1069,01-09-2023,2,Low,Yes
1069,01-03-2024,3,Medium,Yes
1069,01-09-2024,3,High,Yes
1069,01-03-2025,3,High,Yes
1069,01-09-2025,4,Low,Partial
1070,01-03-2020,2,Medium,No
1070,01-09-2020,3,Medium,Partial
1070,01-03-2021,3,High,Yes
1070,01-09-2021,2,Medium,No
1070,01-03-2022,4,Medium,Yes
1070,01-09-2022,3,High,Partial
1070,01-03-2023,3,Medium,Partial
1070,01-09-2023,3,Medium,Yes
1070,01-03-2024,4,Medium,Partial
1070,01-09-2024,4,Medium,Partial
1070,01-03-2025,2,Medium,Yes
1070,01-09-2025,3,Low,Yes
1071,01-09-2021,4,Medium,Partial
1071,01-03-2022,3,Medium,Partial
1071,01-09-2022,3,High,Yes
1071,01-03-2023,4,High,No
1071,01-09-2023,2,Low,Yes
1071,01-03-2024,3,Low,Partial
1071,01-09-2024,4,Medium,Yes
1071,01-03-2025,4,Medium,Yes
1071,01-09-2025,4,Medium,Yes
1072,01-09-2024,2,High,Partial
1072,01-03-2025,1,Low,Yes
1072,01-09-2025,4,Medium,Yes
1073,01-09-2020,3,High,Partial
1073,01-03-2021,1,High,Yes
1073,01-09-2021,3,Low,Yes
1073,01-03-2022,3,Medium,Yes
1073,01-09-2022,2,High,Yes
1073,01-03-2023,3,Medium,No
1073,01-09-2023,5,High,Partial
1073,01-03-2024,3,Low,Partial
1073,01-09-2024,4,Low,Yes
1073,01-03-2025,4,High,Yes
1073,01-09-2025,3,High,No
1074,01-09-2022,4,Medium,Yes
1074,01-03-2023,3,Medium,Partial
1074,01-09-2023,3,Medium,Partial
1074,01-03-2024,3,Medium,Partial
1074,01-09-2024,3,High,Yes
1074,01-03-2025,4,Medium,Yes
1074,01-09-2025,3,High,Yes
1075,01-09-2024,2,Medium,Partial
1075,01-03-2025,3,Medium,Yes
1075,01-09-2025,1,Low,Partial
1076,01-03-2020,5,Low,Partial
1076,01-09-2020,4,Medium,Yes
1076,01-03-2021,3,Medium,Partial
1076,01-09-2021,5,Medium,No
1076,01-03-2022,3,High,Partial
1076,01-09-2022,4,High,Yes
1076,01-03-2023,4,High,Yes
1076,01-09-2023,3,Low,Yes
1076,01-03-2024,3,Low,Yes
1076,01-09-2024,3,High,Yes
1076,01-03-2025,3,Medium,Yes
1076,01-09-2025,3,High,Yes
1077,01-03-2023,3,Medium,Partial
1077,01-09-2023,3,Low,No
1077,01-03-2024,3,Medium,Yes
1077,01-09-2024,4,Low,No
1077,01-03-2025,4,Medium,Yes
1077,01-09-2025,4,Low,Partial
1078,01-03-2021,1,Medium,Yes
1078,01-09-2021,4,Medium,Yes
1078,01-03-2022,2,Medium,Yes
1078,01-09-2022,1,Medium,Yes
1078,01-03-2023,3,Medium,Yes
1078,01-09-2023,2,Medium,Yes
1078,01-03-2024,5,Medium,No
1078,01-09-2024,2,Low,Yes
1078,01-03-2025,4,High,Yes
1078,01-09-2025,3,Medium,No
1079,01-09-2022,3,Medium,Yes
1079,01-03-2023,3,Medium,Partial
1079,01-09-2023,3,Low,Partial
1079,01-03-2024,4,Medium,Yes
1079,01-09-2024,2,High,Yes
1079,01-03-2025,3,High,Yes
1079,01-09-2025,4,Medium,Partial
1080,01-03-2020,3,High,Yes
1080,01-09-2020,2,Medium,Yes
1081,01-09-2025,3,Low,Yes
1082,01-03-2024,3,Medium,Yes
1082,01-09-2024,2,Low,Partial
1082,01-03-2025,3,High,Yes
1082,01-09-2025,3,Medium,Yes
1083,01-03-2020,3,Medium,Yes
1083,01-09-2020,3,Medium,Yes
1083,01-03-2021,4,Medium,Yes
1083,01-09-2021,2,High,Partial
1083,01-03-2022,5,Low,Yes
1083,01-09-2022,3,Medium,Yes
1083,01-03-2023,3,Medium,Yes
1083,01-09-2023,4,Medium,Yes
1083,01-03-2024,2,Medium,Yes
1083,01-09-2024,4,Medium,Yes
1083,01-03-2025,3,Medium,Partial
1083,01-09-2025,5,Medium,Partial
1084,01-03-2023,3,High,Partial
1084,01-09-2023,4,Medium,Partial
1084,01-03-2024,3,Medium,Yes
1084,01-09-2024,3,High,Partial
1084,01-03-2025,5,Medium,Yes
1084,01-09-2025,4,Low,Yes
1085,01-03-2020,4,Medium,Yes
1085,01-09-2020,2,Medium,Partial
1085,01-03-2021,3,Low,Yes
1085,01-09-2021,3,Medium,Partial
1085,01-03-2022,3,High,Partial
1085,01-09-2022,4,Low,Yes
1085,01-03-2023,2,Low,Yes
1085,01-09-2023,3,Medium,Partial
1085,01-03-2024,1,Medium,Partial
1085,01-09-2024,4,Low,Partial
1085,01-03-2025,3,Medium,Yes
1085,01-09-2025,2,Low,Partial
1086,01-09-2021,3,Medium,Partial
1086,01-03-2022,4,Medium,Partial
1086,01-09-2022,3,Medium,Partial
1086,01-03-2023,2,Medium,Partial
1086,01-09-2023,3,Medium,Yes
1086,01-03-2024,3,Low,Yes
1086,01-09-2024,2,High,Partial
1086,01-03-2025,3,Medium,Yes
1086,01-09-2025,2,Low,Partial
1087,01-09-2024,5,Medium,Yes
1087,01-03-2025,2,High,Yes
1087,01-09-2025,3,Medium,Yes
1088,01-09-2021,2,Medium,Partial
1088,01-03-2022,2,Medium,Partial
1088,01-09-2022,2,High,Yes
1088,01-03-2023,3,Medium,Partial
1088,01-09-2023,3,Medium,Partial
1088,01-03-2024,4,Medium,Yes
1088,01-09-2024,3,Medium,Yes
1088,01-03-2025,4,Low,Yes
1088,01-09-2025,3,High,Partial
1089,01-09-2022,3,Medium,Partial
1089,01-03-2023,4,Medium,Yes
1089,01-09-2023,3,High,Partial
1089,01-03-2024,4,Low,Partial
1089,01-09-2024,3,Medium,Partial
1089,01-03-2025,4,High,Yes
1089,01-09-2025,3,Medium,Yes
1090,01-09-2023,3,Medium,No
1090,01-03-2024,3,High,Partial
1090,01-09-2024,4,Low,Yes
1090,01-03-2025,1,High,Yes
1090,01-09-2025,3,Medium,Partial
1091,01-09-2024,3,Medium,Yes
1091,01-03-2025,2,Medium,Yes
1091,01-09-2025,2,Medium,Partial
1092,01-03-2023,3,Medium,Yes
1092,01-09-2023,4,Medium,Partial
1092,01-03-2024,3,High,Yes
1092,01-09-2024,4,Low,Partial
1092,01-03-2025,2,Low,Yes
1092,01-09-2025,3,Low,Yes
1093,01-03-2025,5,Low,Yes
1093,01-09-2025,3,Medium,Yes
1094,01-09-2023,4,High,Yes
1094,01-03-2024,3,High,Partial
1094,01-09-2024,3,Medium,Yes
1094,01-03-2025,2,Low,Yes
1094,01-09-2025,3,Low,Partial
1095,01-09-2023,3,Medium,Yes
1095,01-03-2024,2,High,Yes
1095,01-09-2024,2,Medium,Yes
1095,01-03-2025,3,High,Yes
1095,01-09-2025,5,High,No
1096,01-03-2021,2,High,Yes
1096,01-09-2021,3,High,Yes
1097,01-03-2021,2,Medium,Yes
1097,01-09-2021,3,Low,No
1097,01-03-2022,3,High,Partial
1098,01-09-2025,5,Medium,Yes
1099,01-09-2021,3,High,Partial
1099,01-03-2022,3,High,Partial
1099,01-09-2022,5,Medium,Yes
1099,01-03-2023,2,Medium,Partial
1099,01-09-2023,4,Medium,Yes
1099,01-03-2024,2,High,Yes
1099,01-09-2024,5,Medium,Yes
1099,01-03-2025,3,Medium,No
1099,01-09-2025,3,Low,No
1100,01-09-2025,4,High,Yes
1101,01-09-2022,2,Medium,Yes
1101,01-03-2023,2,High,No
1101,01-09-2023,5,Medium,Yes
1101,01-03-2024,2,Medium,Partial
1101,01-09-2024,4,Medium,Partial
1101,01-03-2025,4,High,Yes
1101,01-09-2025,5,High,Yes
1102,01-09-2024,3,Low,No
1102,01-03-2025,2,Medium,Partial
1103,01-09-2025,4,Medium,Partial
1104,01-09-2024,4,Low,No
1104,01-03-2025,3,Low,Yes
1104,01-09-2025,4,High,Partial
1105,01-03-2024,3,Medium,Yes
1105,01-09-2024,5,High,Yes
1105,01-03-2025,3,Medium,Partial
1105,01-09-2025,3,Medium,Partial
1106,01-09-2022,3,Medium,Partial
1106,01-03-2023,3,High,Yes
1106,01-09-2023,2,Medium,Partial
1106,01-03-2024,3,Medium,Yes
1106,01-09-2024,3,High,Yes
1106,01-03-2025,3,Medium,Yes
1106,01-09-2025,3,Medium,Yes
1107,01-09-2025,4,Medium,No
1108,01-09-2023,4,Medium,No
1108,01-03-2024,4,High,No
1108,01-09-2024,4,Low,Yes
1108,01-03-2025,3,Low,Yes
1108,01-09-2025,3,Medium,Partial
1109,01-03-2022,3,High,Partial
1109,01-09-2022,3,Medium,Yes
1109,01-03-2023,4,High,Yes
1109,01-09-2023,2,Medium,Partial
1109,01-03-2024,3,Medium,Partial
1109,01-09-2024,3,Medium,Partial
1109,01-03-2025,3,Medium,No
1109,01-09-2025,4,Medium,Yes
1110,01-03-2020,4,Low,Yes
1110,01-09-2020,3,Medium,Yes
1110,01-03-2021,3,Medium,Yes
1110,01-09-2021,3,High,Yes
1110,01-03-2022,4,Low,Yes
1110,01-09-2022,4,Medium,Yes
1110,01-03-2023,3,Low,Yes
1110,01-09-2023,3,Medium,Partial
1110,01-03-2024,3,Low,Partial
1110,01-09-2024,2,High,Yes
1110,01-03-2025,4,Medium,Partial
1110,01-09-2025,3,Medium,Yes
1111,01-03-2020,3,Medium,Yes
1111,01-09-2020,3,High,Partial
1111,01-03-2021,5,Low,Yes
1111,01-09-2021,3,Medium,Yes
1111,01-03-2022,3,Medium,No
1111,01-09-2022,3,Low,Partial
1111,01-03-2023,2,Medium,Partial
1111,01-09-2023,4,Medium,Yes
1111,01-03-2024,2,Medium,Partial
1111,01-09-2024,4,Medium,Partial
1111,01-03-2025,1,Medium,Yes
1111,01-09-2025,2,High,Yes
1112,01-09-2023,3,Medium,Yes
1112,01-03-2024,2,High,Yes
1112,01-09-2024,2,Low,Yes
1112,01-03-2025,5,Low,Partial
1112,01-09-2025,4,Medium,No
1113,01-09-2024,1,Medium,Yes
1113,01-03-2025,4,Low,Partial
1113,01-09-2025,3,Low,Yes
1114,01-09-2024,4,High,No
1114,01-03-2025,4,Medium,No
1114,01-09-2025,3,Low,Yes
1115,01-09-2025,3,Medium,Yes
1116,01-03-2025,4,Low,Partial
1116,01-09-2025,3,High,Yes
1117,01-09-2022,5,Low,Yes
1117,01-03-2023,4,Medium,Partial
1117,01-09-2023,5,Low,Yes
1117,01-03-2024,3,Medium,Yes
1117,01-09-2024,4,Medium,Partial
1117,01-03-2025,3,Medium,Yes
1117,01-09-2025,3,High,Yes
1118,01-03-2023,3,Low,Partial
1118,01-09-2023,4,Low,Yes
1118,01-03-2024,2,Medium,Yes
1118,01-09-2024,5,Medium,Partial
1119,01-09-2022,4,Low,Yes
1119,01-03-2023,3,High,Yes
1119,01-09-2023,4,Medium,Partial
1119,01-03-2024,2,High,No
1119,01-09-2024,3,Low,Partial
1119,01-03-2025,3,Medium,Partial
1119,01-09-2025,4,High,No
1120,01-09-2020,3,Low,Yes
1120,01-03-2021,5,Low,Partial
1120,01-09-2021,2,High,Partial
1120,01-03-2022,3,Medium,Yes
1120,01-09-2022,4,Medium,Yes
1120,01-03-2023,1,Low,Partial
1120,01-09-2023,4,Low,Partial
1120,01-03-2024,3,High,Partial
1120,01-09-2024,3,Medium,Yes
1121,01-03-2021,3,Medium,Partial
1121,01-09-2021,3,Low,No
1121,01-03-2022,2,Medium,Partial
1121,01-09-2022,3,Medium,Partial
1121,01-03-2023,3,Medium,Yes
1121,01-09-2023,1,Medium,Partial
1121,01-03-2024,3,Low,Yes
1121,01-09-2024,1,High,Yes
1121,01-03-2025,3,Medium,No
1121,01-09-2025,3,Medium,Yes
1122,01-09-2021,4,High,Partial
1122,01-03-2022,3,Medium,Partial
1122,01-09-2022,3,Medium,Yes
1122,01-03-2023,3,Low,Partial
1122,01-09-2023,2,Low,Yes
1122,01-03-2024,3,High,Yes
1122,01-09-2024,4,Medium,Partial
1122,01-03-2025,2,Medium,Yes
1122,01-09-2025,4,Medium,No
1123,01-09-2021,2,Medium,Partial
1123,01-03-2022,3,High,Partial
1123,01-09-2022,4,Medium,Yes
1123,01-03-2023,3,Low,No
1123,01-09-2023,3,High,Yes
1123,01-03-2024,3,Medium,Yes
1123,01-09-2024,2,Low,No
1123,01-03-2025,4,Medium,Yes
1123,01-09-2025,3,Medium,Yes
1124,01-03-2020,4,Medium,No
1124,01-09-2020,4,High,Partial
1124,01-03-2021,3,Medium,Yes
1125,01-03-2025,4,Medium,Yes
1125,01-09-2025,2,Low,Yes
1126,01-03-2023,4,Low,Yes
1126,01-09-2023,3,Medium,Yes
1126,01-03-2024,3,Medium,Partial
1126,01-09-2024,2,High,Partial
1126,01-03-2025,4,High,Partial
1126,01-09-2025,4,Medium,Yes
1127,01-03-2025,3,High,Yes
1127,01-09-2025,4,Medium,Partial
1129,01-03-2021,4,Medium,No
1129,01-09-2021,4,Medium,No
1129,01-03-2022,4,Medium,Yes
1129,01-09-2022,4,Medium,Partial
1129,01-03-2023,3,High,Yes
1129,01-09-2023,3,Medium,Yes
1129,01-03-2024,3,Medium,Yes
1129,01-09-2024,3,Medium,Partial
1129,01-03-2025,3,Medium,No
1129,01-09-2025,4,Low,Yes
1130,01-03-2022,4,Medium,Partial
1130,01-09-2022,2,Medium,Partial
1130,01-03-2023,3,Medium,Partial
1130,01-09-2023,3,Medium,Yes
1130,01-03-2024,3,Low,No
1130,01-09-2024,3,Low,Yes
1130,01-03-2025,2,Medium,Yes
1130,01-09-2025,3,Medium,Partial
1131,01-03-2025,4,Low,Partial
1131,01-09-2025,2,Medium,Yes
1132,01-03-2023,4,Medium,Yes
1132,01-09-2023,3,Medium,Yes
1132,01-03-2024,2,Medium,No
1132,01-09-2024,2,Medium,Partial
1132,01-03-2025,3,Low,Partial
1132,01-09-2025,5,Medium,Partial
1133,01-09-2024,1,Medium,Yes
1133,01-03-2025,4,Medium,Yes
1133,01-09-2025,3,Medium,No
1134,01-03-2022,4,High,Partial
1134,01-09-2022,3,High,Partial
1134,01-03-2023,4,Low,Yes
1134,01-09-2023,2,Medium,Yes
1134,01-03-2024,3,Low,Partial
1134,01-09-2024,3,Low,Partial
1134,01-03-2025,1,Medium,Partial
1134,01-09-2025,3,Medium,Yes
1135,01-09-2024,3,Medium,Partial
1135,01-03-2025,2,High,Yes
1135,01-09-2025,4,Medium,Partial
1136,01-03-2020,2,High,Yes
1136,01-09-2020,5,Medium,Yes
1136,01-03-2021,3,High,Yes
1136,01-09-2021,1,High,Partial
1136,01-03-2022,2,High,Partial
1136,01-09-2022,3,Medium,Partial
1136,01-03-2023,3,Medium,Yes
1136,01-09-2023,2,Medium,Partial
1136,01-03-2024,4,Medium,Partial
1136,01-09-2024,3,Medium,Partial
1136,01-03-2025,3,Medium,Yes
1136,01-09-2025,5,Medium,Yes
1137,01-03-2020,4,High,Yes
1137,01-09-2020,4,High,Yes
1137,01-03-2021,3,Low,Partial
1137,01-09-2021,4,Low,Yes
1137,01-03-2022,3,Medium,Partial
1137,01-09-2022,2,High,Partial
1137,01-03-2023,2,High,Yes
1137,01-09-2023,3,Medium,Partial
1137,01-03-2024,3,Medium,Yes
1137,01-09-2024,3,Medium,Yes
1137,01-03-2025,3,Low,Partial
1137,01-09-2025,3,Low,No
1138,01-03-2020,2,Low,Partial
1138,01-09-2020,4,Medium,No
1138,01-03-2021,5,Low,Yes
1138,01-09-2021,2,Medium,Yes
1138,01-03-2022,2,High,Partial
1139,01-09-2023,4,Low,Partial
1139,01-03-2024,4,Medium,Yes
1139,01-09-2024,2,Medium,Partial
1139,01-03-2025,3,Medium,Yes
1139,01-09-2025,4,High,Yes
1140,01-09-2025,3,Medium,Yes
1141,01-09-2023,1,High,Yes
1141,01-03-2024,2,Medium,Yes
1141,01-09-2024,5,Medium,Yes
1141,01-03-2025,3,Medium,Partial
1141,01-09-2025,4,Medium,Yes
1142,01-03-2025,4,Low,Yes
1142,01-09-2025,3,Medium,Partial
1143,01-03-2025,2,High,Partial
1143,01-09-2025,2,Low,No
1144,01-03-2024,3,Medium,Yes
1144,01-09-2024,3,Medium,Partial
1144,01-03-2025,2,Medium,Partial
1145,01-03-2025,3,Low,Yes
1145,01-09-2025,2,Low,No
1146,01-03-2020,3,Medium,Partial
1146,01-09-2020,3,Medium,Yes
1146,01-03-2021,3,Medium,Partial
1146,01-09-2021,3,Medium,Partial
1146,01-03-2022,5,Low,Yes
1146,01-09-2022,1,High,Yes
1146,01-03-2023,2,High,Partial
1146,01-09-2023,2,Medium,Yes
1146,01-03-2024,2,Medium,Yes
1146,01-09-2024,3,Medium,Yes
1146,01-03-2025,2,Low,Partial
1146,01-09-2025,3,Medium,Partial
1147,01-09-2023,5,Medium,Yes
1147,01-03-2024,4,Medium,Partial
1147,01-09-2024,2,Medium,Yes
1147,01-03-2025,5,Low,Yes
1147,01-09-2025,3,High,Partial
1148,01-09-2024,3,High,Yes
1148,01-03-2025,3,Medium,Partial
1148,01-09-2025,1,High,No
1149,01-03-2020,3,High,No
1149,01-09-2020,3,Medium,Partial
1149,01-03-2021,3,Medium,Yes
1149,01-09-2021,3,Medium,Yes
1149,01-03-2022,3,Medium,Yes
1149,01-09-2022,2,Medium,Yes
1149,01-03-2023,2,Medium,Yes
1149,01-09-2023,3,Medium,Yes
1149,01-03-2024,5,High,Yes
1149,01-09-2024,2,Medium,Partial
1149,01-03-2025,3,Medium,Yes
1149,01-09-2025,4,Low,Yes
1150,01-09-2022,3,Medium,No
1150,01-03-2023,3,Medium,No
1150,01-09-2023,3,Medium,Yes
1150,01-03-2024,3,Medium,Yes
1150,01-09-2024,5,Medium,Partial
1151,01-03-2025,5,High,Yes
1151,01-09-2025,3,High,Yes
1153,01-03-2024,4,High,Yes
1153,01-09-2024,3,Low,Partial
1153,01-03-2025,2,Medium,Partial
1153,01-09-2025,3,Medium,No
1154,01-03-2025,2,Medium,Partial
1154,01-09-2025,5,Medium,Partial
1155,01-03-2023,4,Medium,Yes
1155,01-09-2023,5,High,Partial
1155,01-03-2024,4,Medium,Yes
1155,01-09-2024,3,Low,Yes
1155,01-03-2025,3,Low,Yes
1155,01-09-2025,2,Medium,Yes
1156,01-03-2022,4,Medium,Partial
1156,01-09-2022,3,High,No
1156,01-03-2023,3,Medium,Yes
1156,01-09-2023,3,Low,Partial
1156,01-03-2024,3,Medium,Partial
1156,01-09-2024,2,Low,Partial
1156,01-03-2025,3,Low,Yes
1156,01-09-2025,2,Low,Yes
1157,01-03-2024,4,Low,Partial
1157,01-09-2024,2,Low,Yes
1157,01-03-2025,2,Medium,Yes
1157,01-09-2025,3,Medium,Partial
1158,01-03-2020,4,Medium,Yes
1158,01-09-2020,2,Medium,No
1158,01-03-2021,4,Medium,Yes
1158,01-09-2021,4,Medium,Partial
1158,01-03-2022,1,High,Yes
1158,01-09-2022,4,Medium,Yes
1158,01-03-2023,3,Medium,Yes
1158,01-09-2023,2,High,Partial
1158,01-03-2024,3,Medium,Yes
1158,01-09-2024,2,Medium,Yes
1158,01-03-2025,1,Medium,Yes
1158,01-09-2025,2,Medium,No
1159,01-03-2021,3,Medium,Partial
1160,01-03-2024,3,Medium,Partial
1160,01-09-2024,4,High,Partial
1160,01-03-2025,3,Medium,No
1160,01-09-2025,3,Low,Partial
1161,01-09-2024,3,Low,Yes
1161,01-03-2025,4,High,Yes
1161,01-09-2025,3,Medium,Yes
1162,01-09-2023,4,High,Yes
1162,01-03-2024,4,Medium,No
1162,01-09-2024,2,High,Yes
1162,01-03-2025,4,High,Partial
1163,01-09-2021,3,Medium,Yes
1163,01-03-2022,3,High,Partial
1163,01-09-2022,3,Medium,Partial
1163,01-03-2023,3,Medium,Partial
1163,01-09-2023,3,Medium,Partial
1163,01-03-2024,5,Low,Yes
1163,01-09-2024,4,Medium,Partial
1163,01-03-2025,3,High,Yes
1163,01-09-2025,5,Medium,Yes
1164,01-09-2025,2,High,No
1165,01-09-2021,4,Medium,Yes
1165,01-03-2022,3,Medium,Partial
1165,01-09-2022,3,Medium,No
1165,01-03-2023,2,Low,Yes
1165,01-09-2023,2,Medium,Partial
1165,01-03-2024,3,Medium,Yes
1165,01-09-2024,3,Medium,Yes
1165,01-03-2025,4,High,Partial
1165,01-09-2025,3,Medium,Yes
1166,01-03-2020,2,High,Yes
1166,01-09-2020,3,Medium,No
1166,01-03-2021,2,Low,Yes
1166,01-09-2021,3,Medium,Yes
1167,01-03-2020,3,Medium,Yes
1167,01-09-2020,3,Low,No
1167,01-03-2021,3,Medium,Yes
1167,01-09-2021,4,Low,No
1167,01-03-2022,4,Medium,Partial
1167,01-09-2022,2,Medium,Partial
1167,01-03-2023,2,Medium,Partial
1167,01-09-2023,3,Medium,Partial
1167,01-03-2024,2,Medium,Partial
1167,01-09-2024,3,High,Yes
1167,01-03-2025,3,High,Partial
1167,01-09-2025,3,Medium,Yes
1168,01-09-2022,2,Medium,Yes
1168,01-03-2023,2,Low,Partial
1168,01-09-2023,4,Low,Yes
1168,01-03-2024,3,Medium,No
1168,01-09-2024,3,Medium,Yes
1168,01-03-2025,3,High,No
1168,01-09-2025,3,High,Yes
1169,01-03-2024,3,Low,Partial
1169,01-09-2024,5,Low,Yes
1169,01-03-2025,4,Medium,Yes
1169,01-09-2025,3,High,Yes
1170,01-09-2023,2,Low,Yes
1170,01-03-2024,3,Medium,Partial
1170,01-09-2024,4,Medium,Partial
1170,01-03-2025,4,Medium,Yes
1170,01-09-2025,3,High,Partial
1171,01-09-2021,3,Medium,Yes
1171,01-03-2022,3,Medium,Yes
1171,01-09-2022,2,Low,Yes
1171,01-03-2023,5,Medium,Yes
1171,01-09-2023,3,Medium,Partial
1171,01-03-2024,5,Medium,Partial
1171,01-09-2024,4,Medium,No
1171,01-03-2025,2,Medium,Partial
1171,01-09-2025,5,Low,Partial
1172,01-03-2020,5,Low,Yes
1172,01-09-2020,4,Medium,Yes
1172,01-03-2021,5,Medium,Yes
1172,01-09-2021,4,Medium,Yes
1172,01-03-2022,3,Medium,Yes
1172,01-09-2022,3,High,Partial
1172,01-03-2023,2,Medium,Yes
1172,01-09-2023,4,Low,Yes
1172,01-03-2024,4,High,Yes
1172,01-09-2024,4,Medium,Partial
1172,01-03-2025,3,Medium,Yes
1172,01-09-2025,3,High,Partial
1173,01-03-2022,3,Medium,Partial
1173,01-09-2022,2,Low,Partial
1173,01-03-2023,3,Medium,Yes
1173,01-09-2023,3,Medium,Partial
1173,01-03-2024,4,Medium,No
1173,01-09-2024,4,Medium,Partial
1173,01-03-2025,3,Medium,Yes
1173,01-09-2025,2,High,Partial
1174,01-09-2025,2,Medium,No
1175,01-09-2022,4,Medium,Partial
1175,01-03-2023,3,Low,Yes
1175,01-09-2023,3,Medium,Yes
1175,01-03-2024,4,High,Partial
1175,01-09-2024,3,Medium,Partial
1175,01-03-2025,3,Low,Partial
1175,01-09-2025,1,High,Yes
1176,01-03-2020,3,Low,Partial
1176,01-09-2020,2,High,Yes
1176,01-03-2021,2,Medium,Yes
1176,01-09-2021,3,Medium,Partial
1176,01-03-2022,3,Medium,Yes
1176,01-09-2022,2,Low,Yes
1176,01-03-2023,4,Medium,Partial
1176,01-09-2023,2,Medium,Yes
1176,01-03-2024,3,Medium,Partial
1176,01-09-2024,3,Medium,No
1176,01-03-2025,3,Medium,Partial
1176,01-09-2025,4,Low,Yes
1177,01-03-2020,3,Medium,Yes
1177,01-09-2020,3,Medium,No
1177,01-03-2021,3,High,Yes
1177,01-09-2021,2,High,Partial
1177,01-03-2022,3,Medium,No
1177,01-09-2022,5,Medium,Yes
1177,01-03-2023,3,High,Partial
1177,01-09-2023,3,Medium,Yes
1177,01-03-2024,3,Medium,Yes
1177,01-09-2024,3,Medium,Partial
1177,01-03-2025,2,High,Yes
1177,01-09-2025,3,Low,Partial
1178,01-09-2020,3,Medium,Yes
1178,01-03-2021,3,Low,No
1178,01-09-2021,4,Medium,Yes
1178,01-03-2022,3,Medium,Partial
1178,01-09-2022,2,Medium,No
1178,01-03-2023,4,Medium,Yes
1178,01-09-2023,3,Medium,Yes
1178,01-03-2024,1,Medium,Partial
1178,01-09-2024,5,Medium,Yes
1179,01-09-2020,2,Medium,No
1179,01-03-2021,3,High,Yes
1179,01-09-2021,3,Low,Yes
1179,01-03-2022,4,Medium,Yes
1179,01-09-2022,4,Medium,Yes
1179,01-03-2023,1,High,Partial
1179,01-09-2023,4,High,Yes
1179,01-03-2024,4,Low,Yes
1179,01-09-2024,4,Medium,Yes
1179,01-03-2025,3,Medium,Yes
1179,01-09-2025,3,Low,Yes
1180,01-03-2020,3,Low,Yes
1180,01-09-2020,1,High,Partial
1180,01-03-2021,4,Medium,Partial
1180,01-09-2021,3,Medium,Yes
1180,01-03-2022,3,High,Partial
1180,01-09-2022,3,High,Yes
1180,01-03-2023,4,High,Partial
1180,01-09-2023,3,High,Yes
1180,01-03-2024,2,Medium,Yes
1180,01-09-2024,3,Medium,Yes
1180,01-03-2025,3,Medium,Yes
1180,01-09-2025,3,Medium,Partial
1181,01-03-2023,5,High,Partial
1181,01-09-2023,4,High,Yes
1181,01-03-2024,4,Low,Yes
1181,01-09-2024,3,Medium,No
1181,01-03-2025,3,Medium,Yes
1181,01-09-2025,3,High,Partial
1182,01-03-2024,4,Medium,Yes
1182,01-09-2024,4,Low,Partial
1182,01-03-2025,2,Medium,Yes
1183,01-03-2023,5,Medium,Partial
1183,01-09-2023,4,Low,Partial
1183,01-03-2024,5,Medium,Yes
1183,01-09-2024,4,Medium,Partial
1183,01-03-2025,3,Medium,Yes
1183,01-09-2025,3,Medium,Partial
1184,01-03-2020,3,Medium,No
1184,01-09-2020,3,Medium,Yes
1184,01-03-2021,3,Medium,Yes
1184,01-09-2021,1,Medium,Partial
1184,01-03-2022,4,Low,Partial
1184,01-09-2022,3,Medium,Yes
1184,01-03-2023,4,Medium,Partial
1184,01-09-2023,2,Low,Yes
1184,01-03-2024,4,Low,Yes
1184,01-09-2024,4,Medium,Yes
1184,01-03-2025,3,Medium,Yes
1184,01-09-2025,3,Low,No
1185,01-03-2023,1,Medium,Partial
1185,01-09-2023,4,Medium,Yes
1185,01-03-2024,2,High,Yes
1185,01-09-2024,4,Medium,Yes
1185,01-03-2025,2,Medium,Yes
1186,01-09-2024,3,Medium,Partial
1186,01-03-2025,4,Medium,Partial
1187,01-09-2022,1,Medium,Yes
1187,01-03-2023,4,Medium,Partial
1187,01-09-2023,3,Low,Yes
1187,01-03-2024,5,Medium,Yes
1188,01-09-2021,4,Medium,Partial
1188,01-03-2022,3,Medium,Partial
1188,01-09-2022,1,Medium,No
1188,01-03-2023,3,Low,Yes
1188,01-09-2023,5,High,Yes
1188,01-03-2024,5,Low,No
1188,01-09-2024,4,High,Yes
1188,01-03-2025,3,Medium,Yes
1188,01-09-2025,3,Medium,Partial
1189,01-09-2024,3,Low,Partial
1189,01-03-2025,3,High,Yes
1189,01-09-2025,3,Low,Yes
1190,01-03-2024,3,Medium,Yes
1190,01-09-2024,4,Medium,Yes
1190,01-03-2025,4,Medium,Yes
1190,01-09-2025,2,High,Partial
1191,01-03-2024,1,High,Yes
1191,01-09-2024,3,Medium,No
1191,01-03-2025,4,Medium,Partial
1191,01-09-2025,4,High,Partial
1192,01-03-2021,3,Medium,Partial
1192,01-09-2021,4,Medium,Partial
1192,01-03-2022,3,Medium,Yes
1192,01-09-2022,3,Medium,Yes
1192,01-03-2023,1,Medium,Partial
1192,01-09-2023,2,High,Partial
1192,01-03-2024,4,Medium,No
1192,01-09-2024,3,Medium,Yes
1192,01-03-2025,4,Low,Yes
1192,01-09-2025,3,Medium,Yes
1193,01-03-2020,5,High,Partial
1193,01-09-2020,1,Medium,Yes
1193,01-03-2021,3,Medium,Partial
1193,01-09-2021,1,Medium,Partial
1193,01-03-2022,1,Low,No
1193,01-09-2022,3,High,Yes
1193,01-03-2023,2,Medium,No
1193,01-09-2023,2,High,Yes
1193,01-03-2024,2,Medium,Yes
1193,01-09-2024,3,Low,No
1193,01-03-2025,2,Medium,Partial
1193,01-09-2025,3,Medium,Yes
1194,01-09-2024,2,Low,Partial
1194,01-03-2025,4,High,Yes
1194,01-09-2025,5,Medium,Yes
1195,01-03-2024,2,Medium,Partial
1195,01-09-2024,1,Low,Partial
1195,01-03-2025,5,Medium,Yes
1196,01-09-2021,2,High,Partial
1196,01-03-2022,3,Low,Partial
1196,01-09-2022,3,High,Yes
1196,01-03-2023,3,Medium,Yes
1196,01-09-2023,5,Medium,Partial
1196,01-03-2024,3,Medium,Yes
1196,01-09-2024,5,Medium,Yes
1196,01-03-2025,2,Medium,Yes
1197,01-09-2020,2,Medium,Partial
1198,01-03-2025,3,Low,Partial
1198,01-09-2025,3,High,Yes
1199,01-03-2020,3,Medium,Yes
1199,01-09-2020,3,Medium,Yes
1199,01-03-2021,3,High,Yes
1199,01-09-2021,2,Medium,Partial
1199,01-03-2022,3,Medium,No
1199,01-09-2022,3,Low,Partial
1199,01-03-2023,3,Low,Partial
1199,01-09-2023,3,Medium,Partial
1199,01-03-2024,3,Medium,Partial
1199,01-09-2024,5,Medium,Yes
1199,01-03-2025,3,High,Yes
1199,01-09-2025,3,Low,Yes
1200,01-09-2025,3,Medium,Yes
1201,01-09-2024,4,Medium,No
1201,01-03-2025,3,High,Partial
1201,01-09-2025,3,Medium,Yes
1202,01-09-2021,3,High,Yes
1202,01-03-2022,4,Medium,Partial
1202,01-09-2022,3,Medium,Yes
1202,01-03-2023,3,High,Partial
1202,01-09-2023,3,Medium,Yes
1202,01-03-2024,1,High,Partial
1202,01-09-2024,5,Medium,Yes
1202,01-03-2025,3,Low,Partial
1202,01-09-2025,2,Medium,Partial
1203,01-03-2024,3,High,Partial
1203,01-09-2024,3,Medium,Yes
1203,01-03-2025,4,Low,Yes
1203,01-09-2025,3,Medium,Partial
1204,01-09-2025,4,Low,Yes
1205,01-03-2024,4,Medium,Yes
1205,01-09-2024,4,Medium,Yes
1205,01-03-2025,3,Medium,Partial
1205,01-09-2025,3,Medium,Partial
1206,01-09-2020,2,Low,Yes
1206,01-03-2021,3,High,Yes
1206,01-09-2021,3,High,Partial
1206,01-03-2022,4,Medium,Partial
1206,01-09-2022,3,High,Yes
1206,01-03-2023,4,Medium,Yes
1207,01-09-2024,3,Medium,Yes
1207,01-03-2025,4,Medium,Partial
1208,01-09-2025,3,High,Yes
1209,01-09-2023,4,High,Yes
1209,01-03-2024,4,Medium,Yes
1209,01-09-2024,3,Low,Partial
1209,01-03-2025,3,Medium,Yes
1209,01-09-2025,1,High,Yes
1211,01-03-2023,2,Medium,Partial
1211,01-09-2023,1,Medium,Partial
1211,01-03-2024,4,High,Yes
1211,01-09-2024,4,High,Partial
1211,01-03-2025,5,Low,No
1212,01-09-2023,4,Low,Partial
1212,01-03-2024,4,Medium,Partial
1212,01-09-2024,4,Low,Yes
1212,01-03-2025,3,Medium,Partial
1212,01-09-2025,2,Medium,Yes
1213,01-09-2021,3,Medium,Yes
1213,01-03-2022,4,Medium,Yes
1213,01-09-2022,3,Medium,Partial
1213,01-03-2023,4,Medium,Partial
1213,01-09-2023,4,High,Yes
1213,01-03-2024,2,Medium,No
1213,01-09-2024,2,Medium,Yes
1213,01-03-2025,5,High,Yes
1213,01-09-2025,1,Medium,Yes
1214,01-09-2021,3,High,No
1214,01-03-2022,3,Low,Yes
1214,01-09-2022,4,Medium,Yes
1214,01-03-2023,2,Medium,Partial
1214,01-09-2023,3,Medium,Yes
1214,01-03-2024,2,High,Yes
1214,01-09-2024,3,Low,Yes
1214,01-03-2025,3,High,No
1214,01-09-2025,4,Medium,Partial
1215,01-09-2022,4,Low,Yes
1215,01-03-2023,3,Medium,Yes
1215,01-09-2023,3,Medium,Yes
1215,01-03-2024,3,Medium,Yes
1215,01-09-2024,3,Low,Yes
1215,01-03-2025,4,Medium,Yes
1216,01-03-2020,5,Medium,Yes
1216,01-09-2020,3,High,Partial
1216,01-03-2021,4,Low,Yes
1216,01-09-2021,3,Medium,Yes
1216,01-03-2022,4,Low,Yes
1216,01-09-2022,3,Medium,Yes
1216,01-03-2023,3,High,Yes
1216,01-09-2023,3,Medium,Yes
1216,01-03-2024,5,Medium,Yes
1216,01-09-2024,2,Low,Yes
1216,01-03-2025,3,Low,Yes
1216,01-09-2025,3,High,Yes
1217,01-03-2022,4,Medium,Yes
1217,01-09-2022,3,Low,Partial
1217,01-03-2023,3,Medium,Partial
1218,01-09-2020,3,Medium,Yes
1218,01-03-2021,5,Medium,No
1218,01-09-2021,3,Medium,Yes
1218,01-03-2022,1,Low,No
1218,01-09-2022,3,Low,Yes
1218,01-03-2023,4,Medium,No
1218,01-09-2023,4,Medium,Yes
1218,01-03-2024,4,Medium,Partial
1218,01-09-2024,3,Medium,Yes
1218,01-03-2025,1,Low,Partial
1218,01-09-2025,5,Low,Partial
1219,01-09-2023,2,Medium,Yes
1219,01-03-2024,3,Medium,Partial
1219,01-09-2024,3,Medium,Yes
1219,01-03-2025,3,Low,Yes
1219,01-09-2025,3,Medium,Yes
1220,01-09-2021,4,High,No
1220,01-03-2022,5,Low,Yes
1220,01-09-2022,3,High,Yes
1220,01-03-2023,3,High,Yes
1220,01-09-2023,3,Medium,Yes
1220,01-03-2024,4,Low,Yes
1220,01-09-2024,3,High,Yes
1220,01-03-2025,4,High,Partial
1220,01-09-2025,3,Medium,Partial
1222,01-03-2020,3,Medium,Partial
1222,01-09-2020,2,High,Partial
1222,01-03-2021,3,Medium,Partial
1222,01-09-2021,3,Medium,Yes
1222,01-03-2022,4,Medium,Partial
1222,01-09-2022,3,Medium,Yes
1222,01-03-2023,3,High,Partial
1222,01-09-2023,3,Medium,Yes
1222,01-03-2024,4,Medium,Partial
1222,01-09-2024,4,Medium,Yes
1222,01-03-2025,2,Low,Yes
1222,01-09-2025,1,Medium,Yes
1223,01-09-2020,4,Medium,Yes
1223,01-03-2021,2,Low,Partial
1223,01-09-2021,4,Low,Partial
1223,01-03-2022,2,Medium,No
1223,01-09-2022,4,High,Partial
1223,01-03-2023,1,Medium,Yes
1223,01-09-2023,4,Medium,Yes
1223,01-03-2024,2,Medium,Partial
1223,01-09-2024,4,Low,Partial
1223,01-03-2025,3,Medium,Yes
1223,01-09-2025,3,Low,Yes
1224,01-09-2025,2,Medium,Partial
1225,01-09-2024,4,High,Yes
1225,01-03-2025,4,Medium,No
1225,01-09-2025,3,Low,Partial
1226,01-09-2023,3,Medium,Yes
1226,01-03-2024,4,Medium,Yes
1226,01-09-2024,1,Medium,Partial
1227,01-09-2021,3,Medium,Yes
1227,01-03-2022,3,Low,Yes
1227,01-09-2022,3,Low,Partial
1227,01-03-2023,3,Medium,Yes
1227,01-09-2023,2,Medium,Yes
1227,01-03-2024,2,Medium,Partial
1227,01-09-2024,2,Medium,Yes
1227,01-03-2025,3,High,Partial
1227,01-09-2025,4,Medium,Partial
1228,01-09-2023,4,Medium,Yes
1228,01-03-2024,2,Medium,Yes
1228,01-09-2024,3,Medium,Yes
1228,01-03-2025,1,Medium,Yes
1228,01-09-2025,2,Low,Yes
1229,01-03-2024,5,Low,Yes
1229,01-09-2024,4,Medium,No
1229,01-03-2025,1,High,Yes
1229,01-09-2025,3,Medium,No
1230,01-03-2023,3,High,Yes
1230,01-09-2023,4,Medium,Yes
1230,01-03-2024,2,High,Yes
1230,01-09-2024,2,Medium,Yes
1230,01-03-2025,2,Medium,Yes
1230,01-09-2025,4,High,Yes
1231,01-03-2020,5,Medium,Yes
1231,01-09-2020,3,High,Yes
1231,01-03-2021,3,Medium,Partial
1231,01-09-2021,3,High,Yes
1231,01-03-2022,3,Low,Yes
1231,01-09-2022,5,Medium,Yes
1231,01-03-2023,5,Low,Yes
1231,01-09-2023,4,Medium,Yes
1231,01-03-2024,3,Low,Partial
1231,01-09-2024,3,Medium,No
1231,01-03-2025,4,Medium,Yes
1231,01-09-2025,1,Medium,Yes
1232,01-03-2022,3,Medium,Partial
1232,01-09-2022,4,Medium,Partial
1232,01-03-2023,3,Medium,Partial
1232,01-09-2023,3,High,No
1232,01-03-2024,2,High,Yes
1232,01-09-2024,5,High,No
1232,01-03-2025,3,Low,Yes
1233,01-09-2025,3,Medium,No
1234,01-09-2023,2,Medium,Yes
1234,01-03-2024,1,Medium,No
1234,01-09-2024,4,Medium,Yes
1234,01-03-2025,2,Medium,Partial
1234,01-09-2025,5,Medium,Partial
1235,01-03-2020,3,Low,Yes
1235,01-09-2020,3,Medium,Yes
1235,01-03-2021,3,Medium,Yes
1235,01-09-2021,3,Medium,Yes
1235,01-03-2022,4,High,Yes
1235,01-09-2022,4,Medium,Yes
1235,01-03-2023,3,Medium,Yes
1235,01-09-2023,3,Medium,Partial
1235,01-03-2024,5,Low,Partial
1235,01-09-2024,3,Medium,Partial
1235,01-03-2025,4,Medium,Partial
1235,01-09-2025,2,Medium,No
1236,01-03-2023,5,Medium,Partial
1236,01-09-2023,3,Low,No
1236,01-03-2024,3,Low,Partial
1236,01-09-2024,4,Medium,Partial
1236,01-03-2025,5,Medium,Yes
1236,01-09-2025,3,Medium,Partial
1237,01-09-2024,4,Low,Yes
1237,01-03-2025,3,Medium,Yes
1237,01-09-2025,4,Medium,Yes
1238,01-03-2022,3,Medium,Yes
1238,01-09-2022,2,Medium,Yes
1238,01-03-2023,3,High,Partial
1238,01-09-2023,5,Medium,Yes
1238,01-03-2024,2,Medium,Yes
1238,01-09-2024,3,Medium,Yes
1238,01-03-2025,4,Medium,Yes
1238,01-09-2025,5,Medium,Yes
1239,01-09-2023,4,High,Yes
1239,01-03-2024,4,Medium,Partial
1239,01-09-2024,2,Medium,Yes
1239,01-03-2025,2,Low,Yes
1239,01-09-2025,5,Low,Yes
1240,01-09-2024,3,Medium,No
1240,01-03-2025,3,Medium,Yes
1240,01-09-2025,2,Medium,Yes
1241,01-09-2020,4,Low,Partial
1241,01-03-2021,3,Medium,Partial
1241,01-09-2021,3,Low,Yes
1241,01-03-2022,2,High,Partial
1241,01-09-2022,3,Low,No
1241,01-03-2023,2,Low,No
1241,01-09-2023,2,Medium,Yes
1241,01-03-2024,4,High,Yes
1241,01-09-2024,3,High,Yes
1241,01-03-2025,3,Medium,Partial
1241,01-09-2025,3,High,Partial
1243,01-09-2020,4,Low,Partial
1243,01-03-2021,4,Low,Yes
1243,01-09-2021,5,Medium,Yes
1243,01-03-2022,3,Medium,Partial
1243,01-09-2022,2,Medium,Yes
1243,01-03-2023,3,High,Partial
1243,01-09-2023,3,Medium,Yes
1243,01-03-2024,4,Medium,Partial
1243,01-09-2024,4,Medium,Yes
1243,01-03-2025,1,High,Yes
1243,01-09-2025,3,Medium,Yes
1244,01-03-2020,1,Medium,No
1244,01-09-2020,3,High,Yes
1244,01-03-2021,4,Low,Yes
1244,01-09-2021,3,Medium,No
1244,01-03-2022,1,High,Yes
1244,01-09-2022,4,Medium,Yes
1244,01-03-2023,3,Medium,Yes
1244,01-09-2023,4,Medium,Partial
1244,01-03-2024,4,Medium,Partial
1244,01-09-2024,3,Medium,Yes
1244,01-03-2025,2,Low,Partial
1244,01-09-2025,5,High,No
1245,01-03-2025,1,Low,Partial
1245,01-09-2025,1,High,Yes
1247,01-09-2020,4,Medium,Partial
1247,01-03-2021,4,Medium,Yes
1247,01-09-2021,3,Medium,Yes
1247,01-03-2022,3,Medium,Yes
1247,01-09-2022,5,Low,Yes
1247,01-03-2023,1,High,Yes
1247,01-09-2023,3,Medium,Partial
1247,01-03-2024,4,Low,Yes
1247,01-09-2024,3,High,Partial
1247,01-03-2025,2,Medium,Yes
1247,01-09-2025,5,Medium,Partial
1248,01-03-2024,3,Medium,Yes
1248,01-09-2024,4,High,Partial
1248,01-03-2025,3,High,No
1248,01-09-2025,2,Medium,Partial
1249,01-09-2025,2,Low,Yes
1250,01-09-2025,2,Medium,No
1251,01-09-2021,4,Medium,Yes
1251,01-03-2022,3,Medium,Yes
1251,01-09-2022,4,Low,Yes
1251,01-03-2023,3,Medium,Yes
1251,01-09-2023,4,Medium,No
1251,01-03-2024,2,High,No
1251,01-09-2024,3,Medium,Yes
1251,01-03-2025,4,Medium,No
1251,01-09-2025,4,Medium,Partial
1252,01-03-2021,3,Low,Yes
1252,01-09-2021,1,Medium,Partial
1252,01-03-2022,4,High,Partial
1252,01-09-2022,4,Medium,Partial
1252,01-03-2023,5,Medium,Yes
1252,01-09-2023,3,Medium,Yes
1252,01-03-2024,4,Medium,Partial
1252,01-09-2024,3,Low,Yes
1252,01-03-2025,4,High,Yes
1253,01-03-2025,3,High,Yes
1253,01-09-2025,2,Medium,Partial
1254,01-09-2022,4,Medium,Yes
1254,01-03-2023,2,Medium,Partial
1254,01-09-2023,3,Low,Yes
1254,01-03-2024,2,Low,Partial
1254,01-09-2024,3,Medium,Yes
1254,01-03-2025,2,Medium,Partial
1254,01-09-2025,3,Medium,Yes
1255,01-09-2020,3,Medium,Yes
1255,01-03-2021,2,Low,No
1255,01-09-2021,3,High,Partial
1255,01-03-2022,3,Medium,Partial
1255,01-09-2022,3,Medium,No
1255,01-03-2023,3,Medium,Partial
1255,01-09-2023,4,Low,Partial
1255,01-03-2024,4,Medium,Yes
1255,01-09-2024,3,Low,Yes
1255,01-03-2025,4,Medium,Yes
1255,01-09-2025,2,Medium,Yes
1256,01-09-2020,3,Low,No
1256,01-03-2021,4,Medium,Partial
1256,01-09-2021,2,Low,Yes
1256,01-03-2022,3,Medium,Yes
1256,01-09-2022,4,Medium,Partial
1256,01-03-2023,3,Low,Partial
1256,01-09-2023,3,Medium,Partial
1256,01-03-2024,2,Low,Yes
1256,01-09-2024,2,Medium,Yes
1256,01-03-2025,2,High,Yes
1256,01-09-2025,3,Low,Partial
1257,01-09-2022,3,High,Yes
1257,01-03-2023,2,Medium,Partial
1257,01-09-2023,3,Low,Partial
1257,01-03-2024,3,Medium,Partial
1257,01-09-2024,3,Low,No
1257,01-03-2025,3,Medium,Yes
1257,01-09-2025,2,Medium,No
1258,01-03-2023,4,Medium,Yes
1258,01-09-2023,4,Medium,Yes
1258,01-03-2024,5,Medium,Partial
1258,01-09-2024,3,Low,No
1258,01-03-2025,3,Low,Partial
1258,01-09-2025,3,High,Yes
1259,01-09-2023,5,Medium,No
1259,01-03-2024,4,High,Partial
1259,01-09-2024,4,Low,Yes
1259,01-03-2025,2,Medium,Yes
1259,01-09-2025,2,Low,Partial
1260,01-03-2025,2,High,Yes
1260,01-09-2025,3,Medium,Yes
1261,01-09-2022,3,Low,Yes
1261,01-03-2023,4,High,Partial
1261,01-09-2023,2,Medium,Partial
1261,01-03-2024,1,Low,No
1261,01-09-2024,4,Medium,Yes
1261,01-03-2025,3,Medium,Yes
1261,01-09-2025,4,Medium,Yes
1262,01-09-2023,4,Medium,Yes
1262,01-03-2024,4,Medium,Partial
1263,01-03-2020,3,Medium,Yes
1263,01-09-2020,3,High,Partial
1263,01-03-2021,4,Medium,Yes
1263,01-09-2021,2,Medium,No
1263,01-03-2022,3,Medium,Partial
1263,01-09-2022,2,Low,Yes
1263,01-03-2023,4,Medium,No
1263,01-09-2023,3,Low,No
1263,01-03-2024,3,High,Yes
1263,01-09-2024,3,Medium,Yes
1263,01-03-2025,4,High,Partial
1263,01-09-2025,3,High,No
1264,01-09-2024,3,Medium,Yes
1264,01-03-2025,4,Medium,No
1264,01-09-2025,4,Medium,Partial
1265,01-03-2023,3,Low,Yes
1265,01-09-2023,4,Low,Partial
1265,01-03-2024,4,Medium,Partial
1265,01-09-2024,5,Medium,No
1265,01-03-2025,2,Low,Partial
1265,01-09-2025,4,Low,Yes
1266,01-09-2024,4,Medium,Yes
1266,01-03-2025,3,Medium,Partial
1266,01-09-2025,3,Medium,Yes
1267,01-03-2020,3,High,Yes
1267,01-09-2020,3,Medium,Yes
1267,01-03-2021,4,Medium,No
1267,01-09-2021,4,Medium,Yes
1267,01-03-2022,3,Medium,Partial
1267,01-09-2022,1,Medium,Partial
1267,01-03-2023,1,Medium,Yes
1267,01-09-2023,5,High,Yes
1267,01-03-2024,2,Low,Partial
1267,01-09-2024,4,Medium,Yes
1267,01-03-2025,2,Low,Partial
1267,01-09-2025,3,Low,Yes
1268,01-03-2025,2,Medium,Yes
1268,01-09-2025,5,Medium,Yes
1269,01-03-2020,3,High,No
1269,01-09-2020,3,Medium,Yes
1269,01-03-2021,2,Medium,Yes
1269,01-09-2021,4,Medium,Yes
1269,01-03-2022,4,Medium,Partial
1269,01-09-2022,3,Medium,Yes
1269,01-03-2023,4,High,Partial
1269,01-09-2023,4,Medium,Partial
1269,01-03-2024,4,High,Yes
1269,01-09-2024,3,Medium,Partial
1269,01-03-2025,4,Medium,Partial
1269,01-09-2025,4,High,Yes
1270,01-09-2025,3,Low,Yes
1271,01-09-2022,3,Medium,Yes
1271,01-03-2023,3,Low,Partial
1271,01-09-2023,4,Low,Yes
1271,01-03-2024,3,Medium,Partial
1271,01-09-2024,2,Medium,Yes
1271,01-03-2025,3,Medium,Partial
1271,01-09-2025,4,Medium,Partial
1272,01-09-2021,3,Medium,Yes
1272,01-03-2022,2,Medium,Yes
1272,01-09-2022,3,Medium,Yes
1272,01-03-2023,3,Medium,Yes
1272,01-09-2023,3,Medium,No
1272,01-03-2024,3,Medium,Partial
1272,01-09-2024,3,Medium,No
1272,01-03-2025,4,Medium,Yes
1272,01-09-2025,3,Medium,Yes
1273,01-03-2021,3,Medium,Partial
1273,01-09-2021,4,Medium,Yes
1273,01-03-2022,3,Low,Partial
1273,01-09-2022,3,Medium,Yes
1273,01-03-2023,4,Low,Yes
1273,01-09-2023,4,Medium,Yes
1273,01-03-2024,3,Low,Partial
1273,01-09-2024,4,Medium,Partial
1273,01-03-2025,2,Medium,No
1273,01-09-2025,3,Medium,Yes
1274,01-03-2020,3,Medium,Yes
1274,01-09-2020,3,Low,Yes
1274,01-03-2021,3,Medium,Partial
1274,01-09-2021,4,Medium,Yes
1274,01-03-2022,4,Medium,Yes
1274,01-09-2022,2,Medium,Partial
1274,01-03-2023,3,High,Yes
1274,01-09-2023,3,Medium,Partial
1274,01-03-2024,2,Medium,Partial
1274,01-09-2024,4,Low,No
1274,01-03-2025,4,High,Partial
1274,01-09-2025,3,Medium,Yes
1275,01-03-2024,3,Medium,Partial
1275,01-09-2024,3,Low,Yes
1275,01-03-2025,3,Medium,Yes
1275,01-09-2025,4,Medium,No
1276,01-09-2023,3,Medium,Yes
1276,01-03-2024,2,Low,Partial
1276,01-09-2024,2,Medium,Partial
1276,01-03-2025,3,High,Yes
1276,01-09-2025,4,High,No
1277,01-03-2025,3,Low,No
1277,01-09-2025,2,Medium,Yes
1278,01-03-2022,5,Medium,Yes
1278,01-09-2022,3,Medium,Yes
1278,01-03-2023,3,Low,No
1278,01-09-2023,3,Medium,Yes
1278,01-03-2024,3,Medium,Yes
1278,01-09-2024,4,Low,No
1278,01-03-2025,3,Medium,Yes
1278,01-09-2025,3,Medium,Yes
1279,01-09-2022,4,Medium,Partial
1279,01-03-2023,4,Medium,Yes
1279,01-09-2023,5,Medium,Partial
1280,01-09-2025,3,Medium,Partial
1281,01-03-2020,2,Low,No
1281,01-09-2020,4,Medium,Yes
1281,01-03-2021,5,Medium,Yes
1281,01-09-2021,1,Medium,Partial
1281,01-03-2022,3,Medium,Partial
1281,01-09-2022,3,Medium,No
1281,01-03-2023,3,Medium,Partial
1281,01-09-2023,3,Medium,Partial
1281,01-03-2024,4,High,Yes
1281,01-09-2024,3,High,Yes
1281,01-03-2025,3,Medium,Yes
1281,01-09-2025,4,High,Partial
1282,01-09-2021,2,Medium,Yes
1282,01-03-2022,3,High,Yes
1282,01-09-2022,2,Medium,Partial
1282,01-03-2023,1,Medium,Yes
1282,01-09-2023,3,Medium,No
1282,01-03-2024,4,Medium,Yes
1283,01-09-2022,5,Medium,Yes
1283,01-03-2023,4,Medium,Yes
1283,01-09-2023,2,Medium,Yes
1283,01-03-2024,4,Low,No
1283,01-09-2024,2,High,Yes
1283,01-03-2025,3,Medium,Yes
1283,01-09-2025,4,High,Yes
1284,01-09-2024,4,Medium,Partial
1284,01-03-2025,3,High,Yes
1284,01-09-2025,2,Medium,Partial
1285,01-03-2025,1,Low,Partial
1285,01-09-2025,3,Medium,Partial
1286,01-09-2025,3,Medium,Partial
1287,01-09-2020,3,Medium,Partial
1287,01-03-2021,5,Low,Yes
1287,01-09-2021,4,Low,Yes
1287,01-03-2022,2,Medium,Yes
1287,01-09-2022,4,Medium,Yes
1287,01-03-2023,4,Medium,Partial
1287,01-09-2023,1,Medium,Yes
1287,01-03-2024,4,Low,Partial
1287,01-09-2024,2,Medium,Partial
1287,01-03-2025,2,Low,Partial
1287,01-09-2025,2,Medium,Yes
1288,01-03-2022,1,Low,Yes
1288,01-09-2022,3,Medium,Partial
1288,01-03-2023,1,Medium,Yes
1288,01-09-2023,4,Low,Yes
1288,01-03-2024,3,Low,No
1288,01-09-2024,2,Low,Yes
1288,01-03-2025,4,Medium,Partial
1288,01-09-2025,4,High,Partial
1289,01-03-2025,3,Medium,Yes
1290,01-03-2025,3,Low,Yes
1290,01-09-2025,2,Medium,Yes
1291,01-03-2020,4,Medium,Partial
1291,01-09-2020,3,Medium,Yes
1291,01-03-2021,1,Medium,Yes
1291,01-09-2021,3,Medium,Partial
1291,01-03-2022,3,Medium,Yes
1291,01-09-2022,2,Low,Partial
1291,01-03-2023,3,Medium,Partial
1291,01-09-2023,5,Medium,Yes
1291,01-03-2024,4,Medium,Partial
1291,01-09-2024,4,Medium,Yes
1291,01-03-2025,2,Medium,No
1291,01-09-2025,3,High,Yes
1292,01-03-2023,2,High,Yes
1292,01-09-2023,4,Low,Partial
1292,01-03-2024,1,Medium,Partial
1292,01-09-2024,3,Medium,Yes
1292,01-03-2025,3,High,Yes
1292,01-09-2025,3,High,Yes
1293,01-03-2023,3,Medium,Yes
1293,01-09-2023,3,Medium,Partial
1293,01-03-2024,3,Medium,Yes
1293,01-09-2024,5,Medium,Yes
1293,01-03-2025,1,High,Partial
1293,01-09-2025,4,Medium,Yes
1294,01-09-2024,3,Medium,Yes
1294,01-03-2025,3,Medium,Yes
1294,01-09-2025,3,High,Yes
1295,01-03-2020,2,Medium,Yes
1295,01-09-2020,2,Medium,Partial
1295,01-03-2021,3,Medium,Yes
1295,01-09-2021,3,High,Yes
1295,01-03-2022,3,Medium,No
1295,01-09-2022,3,Low,Partial
1295,01-03-2023,4,Medium,Yes
1295,01-09-2023,3,Medium,Yes
1295,01-03-2024,5,Low,Yes
1295,01-09-2024,3,High,Yes
1295,01-03-2025,3,High,Yes
1295,01-09-2025,4,Medium,No
1296,01-03-2023,4,Medium,Partial
1296,01-09-2023,2,Low,Partial
1296,01-03-2024,3,Medium,Yes
1296,01-09-2024,5,Low,No
1296,01-03-2025,2,Medium,Partial
1296,01-09-2025,3,Medium,Partial
1297,01-09-2021,3,Low,Yes
1297,01-03-2022,3,Medium,Yes
1297,01-09-2022,3,Medium,Partial
1297,01-03-2023,3,High,Yes
1297,01-09-2023,3,High,No
1297,01-03-2024,2,High,Partial
1297,01-09-2024,5,Medium,Yes
1297,01-03-2025,4,High,Yes
1297,01-09-2025,4,Medium,Partial
1298,01-03-2020,3,Medium,Yes
1298,01-09-2020,5,Medium,Yes
1298,01-03-2021,4,Medium,Yes
1298,01-09-2021,3,Medium,Yes
1298,01-03-2022,2,Medium,Yes
1298,01-09-2022,2,Medium,Yes
1298,01-03-2023,2,High,Yes
1298,01-09-2023,3,Medium,No
1298,01-03-2024,2,High,Partial
1298,01-09-2024,4,Low,Yes
1298,01-03-2025,3,Medium,Yes
1298,01-09-2025,4,Medium,Partial
1299,01-03-2024,2,Medium,Partial
1299,01-09-2024,2,Medium,Partial
1299,01-03-2025,3,Medium,Yes
1299,01-09-2025,3,Medium,Partial
1300,01-09-2025,2,Medium,Yes
1301,01-09-2021,2,Medium,Yes
1301,01-03-2022,4,Medium,Yes
1301,01-09-2022,3,Low,Yes
1301,01-03-2023,2,High,Partial
1301,01-09-2023,3,Medium,Yes
1301,01-03-2024,4,Low,Partial
1301,01-09-2024,3,Medium,Partial
1301,01-03-2025,1,Low,Partial
1301,01-09-2025,4,Medium,Yes
1302,01-03-2025,4,High,No
1302,01-09-2025,2,High,Partial
1303,01-03-2020,3,Medium,Yes
1303,01-09-2020,2,Medium,Partial
1303,01-03-2021,3,Low,Partial
1303,01-09-2021,3,Low,Partial
1303,01-03-2022,4,Medium,No
1303,01-09-2022,3,Low,Partial
1303,01-03-2023,4,Medium,Yes
1303,01-09-2023,4,Medium,Partial
1303,01-03-2024,4,Medium,Yes
1303,01-09-2024,4,Medium,Yes
1303,01-03-2025,2,Medium,Partial
1303,01-09-2025,2,Medium,Partial
1304,01-03-2023,4,Low,Yes
1304,01-09-2023,2,Medium,Yes
1304,01-03-2024,2,Medium,Yes
1304,01-09-2024,4,High,Yes
1304,01-03-2025,3,Low,Yes
1304,01-09-2025,2,Medium,Yes
1305,01-03-2020,4,Medium,Yes
1305,01-09-2020,3,High,Yes
1305,01-03-2021,3,Medium,Yes
1305,01-09-2021,2,Medium,Yes
1305,01-03-2022,2,Medium,Yes
1305,01-09-2022,1,High,Yes
1305,01-03-2023,3,High,Partial
1305,01-09-2023,3,Medium,Yes
1305,01-03-2024,2,Medium,Yes
1305,01-09-2024,2,High,Yes
1305,01-03-2025,3,Low,Yes
1305,01-09-2025,4,High,Yes
1306,01-09-2022,3,Medium,Yes
1306,01-03-2023,4,Medium,No
1306,01-09-2023,3,Medium,Yes
1306,01-03-2024,2,Low,Partial
1306,01-09-2024,3,Low,Partial
1306,01-03-2025,1,Low,Partial
1306,01-09-2025,3,Medium,Partial
1307,01-09-2021,1,Medium,Partial
1307,01-03-2022,3,High,Yes
1307,01-09-2022,4,Medium,Yes
1307,01-03-2023,1,Low,Partial
1307,01-09-2023,2,Low,Partial
1307,01-03-2024,3,Medium,Yes
1307,01-09-2024,3,Low,Yes
1307,01-03-2025,3,Medium,No
1307,01-09-2025,5,Medium,Partial
1308,01-03-2025,3,Low,Partial
1308,01-09-2025,3,Medium,Yes
1309,01-03-2020,3,High,Partial
1310,01-09-2024,2,Medium,Yes
1310,01-03-2025,3,Medium,Partial
1310,01-09-2025,3,Medium,Yes
1311,01-03-2020,2,Medium,No
1311,01-09-2020,4,Medium,Yes
1311,01-03-2021,2,Medium,Yes
1311,01-09-2021,3,Medium,Yes
1311,01-03-2022,4,High,Yes
1311,01-09-2022,4,Medium,Yes
1311,01-03-2023,3,High,No
1311,01-09-2023,4,Medium,Yes
1311,01-03-2024,3,Medium,Yes
1311,01-09-2024,3,Medium,Partial
1311,01-03-2025,3,Medium,Yes
1311,01-09-2025,2,Low,Yes
1312,01-09-2025,1,High,Partial
1313,01-03-2022,4,Medium,Partial
1313,01-09-2022,2,Medium,Yes
1313,01-03-2023,3,Medium,Yes
1313,01-09-2023,3,Low,Yes
1313,01-03-2024,5,Medium,Partial
1313,01-09-2024,3,Medium,Yes
1313,01-03-2025,4,Medium,Yes
1313,01-09-2025,5,Low,Yes
1314,01-03-2022,4,Medium,Yes
1314,01-09-2022,4,High,Partial
1314,01-03-2023,3,High,Partial
1314,01-09-2023,4,Medium,Yes
1314,01-03-2024,3,Medium,Yes
1314,01-09-2024,4,High,Yes
1314,01-03-2025,3,Low,Yes
1314,01-09-2025,3,Medium,Partial
1315,01-09-2024,4,Medium,Partial
1315,01-03-2025,1,Medium,Partial
1316,01-03-2020,5,High,Yes
1316,01-09-2020,3,Low,Partial
1316,01-03-2021,4,High,Yes
1316,01-09-2021,2,Medium,Partial
1316,01-03-2022,2,High,Partial
1316,01-09-2022,2,Medium,Yes
1316,01-03-2023,2,Low,Partial
1316,01-09-2023,3,Medium,Partial
1316,01-03-2024,2,Medium,Partial
1316,01-09-2024,4,Medium,Partial
1316,01-03-2025,3,Low,Yes
1316,01-09-2025,3,Medium,Yes
1317,01-03-2020,4,Medium,Partial
1317,01-09-2020,2,Medium,No
1317,01-03-2021,4,High,Yes
1317,01-09-2021,5,Medium,Partial
1317,01-03-2022,1,Low,Partial
1317,01-09-2022,3,Medium,Yes
1317,01-03-2023,3,Low,Partial
1317,01-09-2023,3,Low,Yes
1317,01-03-2024,3,Medium,Yes
1317,01-09-2024,2,High,Yes
1317,01-03-2025,3,Medium,Yes
1317,01-09-2025,3,Medium,Yes
1318,01-03-2023,3,High,Yes
1318,01-09-2023,3,Low,Partial
1318,01-03-2024,3,Medium,Yes
1318,01-09-2024,4,Medium,Partial
1318,01-03-2025,3,Medium,Yes
1318,01-09-2025,3,Medium,Yes
1320,01-03-2020,3,Medium,Yes
1320,01-09-2020,3,Low,Partial
1320,01-03-2021,5,Low,Yes
1320,01-09-2021,5,Low,Yes
1320,01-03-2022,4,Medium,Partial
1320,01-09-2022,2,Medium,Yes
1320,01-03-2023,2,Medium,Partial
1320,01-09-2023,3,Medium,Yes
1320,01-03-2024,4,Medium,Partial
1320,01-09-2024,4,Medium,No
1320,01-03-2025,2,Low,No
1320,01-09-2025,3,High,Yes
